upid	organism	taxid	protein_count	busco	kingdom
UP000000625	Escherichia coli (strain K12)	83333	4403	C:100.0%[S:99.1%,D:0.9%],F:0.0%,M:0.0%,n:440	bacteria
UP000001570	Bacillus subtilis (strain 168)	224308	4288	C:99.6%[S:99.3%,D:0.2%],F:0.0%,M:0.4%,n:450	bacteria
UP000000416	Buchnera aphidicola subsp. Schizaphis graminum (strain Sg)	198804	562	C:83.4%[S:83.2%,D:0.2%],F:1.6%,M:15.0%,n:440	bacteria
UP000000242	Metallosphaera sedula (strain ATCC 51363 / DSM 5348 / JCM 9185 / NBRC 15509 / TH2)	399549	2256	C:98.5%[S:98.3%,D:0.2%],F:0.3%,M:1.2%,n:1244	archaea
UP000000254	Staphylothermus marinus (strain ATCC 43588 / DSM 3639 / JCM 9404 / F1)	399550	1570	C:98.6%[S:98.4%,D:0.2%],F:0.0%,M:1.4%,n:491	archaea
UP000000262	Ignicoccus hospitalis (strain KIN4/I / DSM 18386 / JCM 14125)	453591	1434	C:93.7%[S:93.3%,D:0.4%],F:0.2%,M:6.1%,n:491	archaea
UP000002311	Saccharomyces cerevisiae (strain ATCC 204508 / S288c) (Baker's yeast)	559292	6067	C:99.6%[S:97.4%,D:2.2%],F:0.1%,M:0.3%,n:2137	fungi
UP000002485	Schizosaccharomyces pombe (strain 972 / ATCC 24843) (Fission yeast)	284812	5130	C:81.8%[S:76.3%,D:5.5%],F:1.5%,M:16.8%,n:1706	fungi
UP000000559	Candida albicans (strain SC5314 / ATCC MYA-2876) (Yeast)	237561	6041	C:96.4%[S:95.4%,D:1.0%],F:0.8%,M:2.9%,n:1706	fungi
